{
  "properties": {
    "connectionReferences": {
      "shared_dynamicsax": {
        "runtimeSource": "invoker",
        "connection": {
          "connectionReferenceLogicalName": "new_shareddynamicsax_c0878"
        },
        "api": {
          "name": "shared_dynamicsax"
        }
      }
    },
    "definition": {
      "$schema": "https://schema.management.azure.com/providers/Microsoft.Logic/schemas/2016-06-01/workflowdefinition.json#",
      "contentVersion": "1.0.0.0",
      "parameters": {
        "$connections": {
          "defaultValue": {},
          "type": "Object"
        },
        "$authentication": {
          "defaultValue": {},
          "type": "SecureObject"
        }
      },
      "triggers": {
        "manual": {
          "metadata": {
            "operationMetadataId": "9ccee3dd-74c5-4aa3-8bc5-322a0541dbf0"
          },
          "type": "Request",
          "kind": "PowerAppV2",
          "inputs": {
            "schema": {
              "type": "object",
              "properties": {
                "text": {
                  "title": "FWarehouse",
                  "type": "string",
                  "x-ms-dynamically-added": true,
                  "description": "Please enter your input",
                  "x-ms-content-hint": "TEXT"
                },
                "text_1": {
                  "title": "TWarehouse",
                  "type": "string",
                  "x-ms-dynamically-added": true,
                  "description": "Please enter your input",
                  "x-ms-content-hint": "TEXT"
                },
                "text_2": {
                  "title": "Company",
                  "type": "string",
                  "x-ms-dynamically-added": true,
                  "description": "Please enter your input",
                  "x-ms-content-hint": "TEXT"
                },
                "text_3": {
                  "title": "Date",
                  "type": "string",
                  "x-ms-dynamically-added": true,
                  "description": "Please enter your input",
                  "x-ms-content-hint": "TEXT"
                },
                "text_4": {
                  "title": "item",
                  "type": "string",
                  "x-ms-dynamically-added": true,
                  "description": "Please enter your input",
                  "x-ms-content-hint": "TEXT"
                },
                "text_5": {
                  "title": "Quantity",
                  "type": "string",
                  "x-ms-dynamically-added": true,
                  "description": "Please enter your input",
                  "x-ms-content-hint": "TEXT"
                }
              },
              "required": [
                "text",
                "text_1",
                "text_2",
                "text_3",
                "text_4",
                "text_5"
              ]
            }
          }
        }
      },
      "actions": {
        "Create_record": {
          "runAfter": {},
          "metadata": {
            "operationMetadataId": "f467d343-eb30-4cce-a70a-3a1b3ab7845e"
          },
          "type": "OpenApiConnection",
          "inputs": {
            "host": {
              "apiId": "/providers/Microsoft.PowerApps/apis/shared_dynamicsax",
              "connectionName": "shared_dynamicsax",
              "operationId": "PostItem"
            },
            "parameters": {
              "dataset": "bi-sb-02.sandbox.operations.uae.dynamics.com",
              "table": "TransferOrderHeaders",
              "item/ShippingWarehouseId": "@triggerBody()['text']",
              "item/ReceivingWarehouseId": "@triggerBody()['text_1']",
              "item/dataAreaId": "@triggerBody()['text_2']",
              "item/RequestedReceiptDate": "@triggerBody()['text_3']"
            },
            "authentication": {
              "value": "@json(decodeBase64(triggerOutputs().headers['X-MS-APIM-Tokens']))['$ConnectionKey']",
              "type": "Raw"
            }
          }
        },
        "Create_record_2": {
          "runAfter": {
            "Create_record": [
              "Succeeded"
            ]
          },
          "metadata": {
            "operationMetadataId": "09ac16cd-9366-4ef0-8a11-9573b56c49a8"
          },
          "type": "OpenApiConnection",
          "inputs": {
            "host": {
              "apiId": "/providers/Microsoft.PowerApps/apis/shared_dynamicsax",
              "connectionName": "shared_dynamicsax",
              "operationId": "PostItem"
            },
            "parameters": {
              "dataset": "bi-sb-02.sandbox.operations.uae.dynamics.com",
              "table": "TransferOrderLines",
              "item/TransferOrderNumber": "@outputs('Create_record')?['body/TransferOrderNumber']",
              "item/ItemNumber": "@triggerBody()['text_4']",
              "item/TransferQuantity": "@triggerBody()['text_5']"
            },
            "authentication": {
              "value": "@json(decodeBase64(triggerOutputs().headers['X-MS-APIM-Tokens']))['$ConnectionKey']",
              "type": "Raw"
            }
          }
        },
        "Succeded": {
          "runAfter": {
            "Create_record_2": [
              "Succeeded"
            ]
          },
          "metadata": {
            "operationMetadataId": "4f6d0d82-b5d3-42d7-9163-1b7238e97c7c"
          },
          "type": "Response",
          "kind": "PowerApp",
          "inputs": {
            "statusCode": 200,
            "body": {
              "success": "True"
            },
            "schema": {
              "type": "object",
              "properties": {
                "success": {
                  "title": "Success",
                  "x-ms-dynamically-added": true,
                  "type": "string"
                }
              }
            }
          }
        },
        "Failed": {
          "runAfter": {
            "Create_record_2": [
              "Succeeded"
            ]
          },
          "metadata": {
            "operationMetadataId": "537beff9-32f0-4638-999a-f945e379e3ae"
          },
          "type": "Response",
          "kind": "PowerApp",
          "inputs": {
            "statusCode": 200,
            "body": {
              "success": "False"
            },
            "schema": {
              "type": "object",
              "properties": {
                "success": {
                  "title": "Success",
                  "x-ms-dynamically-added": true,
                  "type": "string"
                }
              }
            }
          }
        }
      },
      "outputs": {}
    },
    "templateName": null
  },
  "schemaVersion": "1.0.0.0"
}