{"schemaVersion":"1.0","appDefinitionTemplate":{"id":"/providers/Microsoft.PowerApps/apps/","type":"Microsoft.PowerApps/apps","tags":{"primaryDeviceWidth":"1366","primaryDeviceHeight":"768","supportsPortrait":"true","supportsLandscape":"true","primaryFormFactor":"Tablet","showStatusBar":"false","publisherVersion":"3.24111.12","minimumRequiredApiVersion":"2.2.0","hasComponent":"false","hasUnlockedComponent":"false","isUnifiedRootApp":"false","sienaVersion":"20241130T135350Z-3.24111.12.0"},"properties":{"appVersion":"2024-11-30T13:53:50Z","lifeCycleId":"Published","createdByClientVersion":{"major":3,"minor":24111,"build":12,"revision":0,"majorRevision":0,"minorRevision":0},"minClientVersion":{"major":3,"minor":24111,"build":12,"revision":0,"majorRevision":0,"minorRevision":0},"backgroundColor":"RGBA(0,176,240,1)","backgroundImageUri":"/1254416876933679633/N6c829780-2d83-40a9-abce-46ba7fd32521-logoSmallFile","displayName":"Transfer Order","description":"","commitMessage":"","appUris":{"documentUri":{"value":"/1254416876933679633/N7c2b7a6f-546c-4132-a157-6119fa6dc134-document.msapp"},"imageUris":[],"additionalUris":[{"isSolutionAware":false,"value":"/1254416876933679633/Nb7a16fca-9ac7-4915-9860-c1790ad71fec-identity.json"}]},"createdTime":"0001-01-01T00:00:00Z","lastModifiedTime":"0001-01-01T00:00:00Z","sharedGroupsCount":0,"sharedUsersCount":0,"connectionReferences":{"a9653682-34cb-48e7-aa32-9466c23fb936":{"id":"f4f537df-25e2-48e2-b74b-4642be7bd802","displayName":"Fin & Ops Apps (Dynamics 365)","iconUri":"https://connectoricons-prod.azureedge.net/releases/v1.0.1718/1.0.1718.3944/dynamicsax/icon.png","dataSources":["Warehouses","ReleasedProductsV2"],"dependencies":[],"dependents":[],"parameterHints":{},"parameterHintsV2":{},"isOnPremiseConnection":false,"bypassConsent":false,"dataSets":{"bi-sb-02.sandbox.operations.uae.dynamics.com":{"dataSources":{"Warehouses":{"tableName":"Warehouses"},"ReleasedProductsV2":{"tableName":"ReleasedProductsV2"}}}},"apiTier":"Premium","isCustomApiConnection":false,"actions":["providers/PowerPlatform.Governance/Operations/Read"]}},"databaseReferences":{},"almMode":"Environment","performanceOptimizationEnabled":false,"canConsumeAppPass":false,"enableModernRuntimeMode":false,"executionRestrictions":{"isTeamsOnly":false,"dataLossPreventionEvaluationResult":{"status":"Compliant","lastEvaluationDate":"2024-11-30T13:53:57.3190675Z","violations":[],"violationsByPolicy":[],"violationErrorMessage":"The app uses the following connectors: shared_dynamicsax."}}},"appType":"ClassicCanvasApp","appComponents":[]}}